Dataset,Task,Accuracy,F1,F1_Macro
Big5_Essays,Big5_O,0.5325,0.6825127334465195,
Big5_Essays,Big5_C,0.56625,0.3770197486535009,
Big5_Essays,Big5_E,0.565,0.645621181262729,
Big5_Essays,Big5_A,0.55625,0.6844444444444444,
Big5_Essays,Big5_N,0.61625,0.582312925170068,
Personae,Gender,0.32413793103448274,0.2720532673478076,
Personae,MBTI,0.10344827586206896,,0.02136482939632546
